champion_id,champion_name,position,feature_version,pick_count,win_count,surrender_loss_count,position_share,is_primary_position,created_at
266,Aatrox,JUNGLE,v2_timeseries_7_15,27,13,8,0.123288,False,2026-06-05T14:02:39+00:00
266,Aatrox,MIDDLE,v2_timeseries_7_15,5,3,0,0.022831,False,2026-06-05T14:02:39+00:00
266,Aatrox,TOP,v2_timeseries_7_15,187,92,35,0.853881,True,2026-06-05T14:02:39+00:00
103,Ahri,MIDDLE,v2_timeseries_7_15,335,181,58,0.985294,True,2026-06-05T14:02:39+00:00
103,Ahri,TOP,v2_timeseries_7_15,3,2,1,0.008824,False,2026-06-05T14:02:39+00:00
103,Ahri,UTILITY,v2_timeseries_7_15,2,1,0,0.005882,False,2026-06-05T14:02:39+00:00
84,Akali,MIDDLE,v2_timeseries_7_15,234,102,35,0.698507,True,2026-06-05T14:02:39+00:00
84,Akali,TOP,v2_timeseries_7_15,101,61,12,0.301493,False,2026-06-05T14:02:39+00:00
166,Akshan,MIDDLE,v2_timeseries_7_15,55,22,11,0.982143,True,2026-06-05T14:02:39+00:00
166,Akshan,TOP,v2_timeseries_7_15,1,0,0,0.017857,False,2026-06-05T14:02:39+00:00
12,Alistar,TOP,v2_timeseries_7_15,1,0,1,0.00813,False,2026-06-05T14:02:39+00:00
12,Alistar,UTILITY,v2_timeseries_7_15,122,59,22,0.99187,True,2026-06-05T14:02:39+00:00
799,Ambessa,JUNGLE,v2_timeseries_7_15,97,34,18,0.395918,False,2026-06-05T14:02:39+00:00
799,Ambessa,MIDDLE,v2_timeseries_7_15,11,5,3,0.044898,False,2026-06-05T14:02:39+00:00
799,Ambessa,TOP,v2_timeseries_7_15,137,65,26,0.559184,True,2026-06-05T14:02:39+00:00
32,Amumu,JUNGLE,v2_timeseries_7_15,12,7,3,0.461538,True,2026-06-05T14:02:39+00:00
32,Amumu,TOP,v2_timeseries_7_15,2,1,0,0.076923,False,2026-06-05T14:02:39+00:00
32,Amumu,UTILITY,v2_timeseries_7_15,12,5,3,0.461538,False,2026-06-05T14:02:39+00:00
34,Anivia,BOTTOM,v2_timeseries_7_15,2,1,0,0.015625,False,2026-06-05T14:02:39+00:00
34,Anivia,MIDDLE,v2_timeseries_7_15,84,41,12,0.65625,True,2026-06-05T14:02:39+00:00
34,Anivia,TOP,v2_timeseries_7_15,18,9,2,0.140625,False,2026-06-05T14:02:39+00:00
34,Anivia,UTILITY,v2_timeseries_7_15,24,7,6,0.1875,False,2026-06-05T14:02:39+00:00
1,Annie,MIDDLE,v2_timeseries_7_15,45,26,8,0.849057,True,2026-06-05T14:02:39+00:00
1,Annie,TOP,v2_timeseries_7_15,2,1,1,0.037736,False,2026-06-05T14:02:39+00:00
1,Annie,UTILITY,v2_timeseries_7_15,6,5,0,0.113208,False,2026-06-05T14:02:39+00:00
523,Aphelios,BOTTOM,v2_timeseries_7_15,259,127,54,0.98855,True,2026-06-05T14:02:39+00:00
523,Aphelios,MIDDLE,v2_timeseries_7_15,1,0,0,0.003817,False,2026-06-05T14:02:39+00:00
523,Aphelios,TOP,v2_timeseries_7_15,2,1,0,0.007634,False,2026-06-05T14:02:39+00:00
22,Ashe,BOTTOM,v2_timeseries_7_15,302,151,61,0.964856,True,2026-06-05T14:02:39+00:00
22,Ashe,TOP,v2_timeseries_7_15,1,0,1,0.003195,False,2026-06-05T14:02:39+00:00
22,Ashe,UTILITY,v2_timeseries_7_15,10,6,0,0.031949,False,2026-06-05T14:02:39+00:00
136,AurelionSol,BOTTOM,v2_timeseries_7_15,10,6,0,0.181818,False,2026-06-05T14:02:39+00:00
136,AurelionSol,MIDDLE,v2_timeseries_7_15,44,26,7,0.8,True,2026-06-05T14:02:39+00:00
136,AurelionSol,TOP,v2_timeseries_7_15,1,0,0,0.018182,False,2026-06-05T14:02:39+00:00
893,Aurora,MIDDLE,v2_timeseries_7_15,106,50,19,0.828125,True,2026-06-05T14:02:39+00:00
893,Aurora,TOP,v2_timeseries_7_15,21,12,2,0.164062,False,2026-06-05T14:02:39+00:00
893,Aurora,UTILITY,v2_timeseries_7_15,1,0,1,0.007812,False,2026-06-05T14:02:39+00:00
268,Azir,MIDDLE,v2_timeseries_7_15,99,41,14,0.961165,True,2026-06-05T14:02:39+00:00
268,Azir,TOP,v2_timeseries_7_15,4,4,0,0.038835,False,2026-06-05T14:02:39+00:00
432,Bard,UTILITY,v2_timeseries_7_15,191,79,36,1.0,True,2026-06-05T14:02:39+00:00
200,Belveth,JUNGLE,v2_timeseries_7_15,30,14,6,0.833333,True,2026-06-05T14:02:39+00:00
200,Belveth,MIDDLE,v2_timeseries_7_15,1,1,0,0.027778,False,2026-06-05T14:02:39+00:00
200,Belveth,TOP,v2_timeseries_7_15,5,1,1,0.138889,False,2026-06-05T14:02:39+00:00
53,Blitzcrank,JUNGLE,v2_timeseries_7_15,1,0,1,0.004608,False,2026-06-05T14:02:39+00:00
53,Blitzcrank,UTILITY,v2_timeseries_7_15,216,108,34,0.995392,True,2026-06-05T14:02:39+00:00
63,Brand,BOTTOM,v2_timeseries_7_15,2,2,0,0.027027,False,2026-06-05T14:02:39+00:00
63,Brand,JUNGLE,v2_timeseries_7_15,7,6,0,0.094595,False,2026-06-05T14:02:39+00:00
63,Brand,MIDDLE,v2_timeseries_7_15,18,11,1,0.243243,False,2026-06-05T14:02:39+00:00
63,Brand,TOP,v2_timeseries_7_15,7,2,2,0.094595,False,2026-06-05T14:02:39+00:00
63,Brand,UTILITY,v2_timeseries_7_15,40,18,10,0.540541,True,2026-06-05T14:02:39+00:00
201,Braum,UTILITY,v2_timeseries_7_15,229,130,27,1.0,True,2026-06-05T14:02:39+00:00
233,Briar,JUNGLE,v2_timeseries_7_15,87,36,16,0.915789,True,2026-06-05T14:02:39+00:00
233,Briar,MIDDLE,v2_timeseries_7_15,4,1,2,0.042105,False,2026-06-05T14:02:39+00:00
233,Briar,TOP,v2_timeseries_7_15,3,1,1,0.031579,False,2026-06-05T14:02:39+00:00
233,Briar,UTILITY,v2_timeseries_7_15,1,0,1,0.010526,False,2026-06-05T14:02:39+00:00
51,Caitlyn,BOTTOM,v2_timeseries_7_15,315,157,51,0.996835,True,2026-06-05T14:02:39+00:00
51,Caitlyn,UTILITY,v2_timeseries_7_15,1,1,0,0.003165,False,2026-06-05T14:02:39+00:00
164,Camille,JUNGLE,v2_timeseries_7_15,5,3,1,0.04902,False,2026-06-05T14:02:39+00:00
164,Camille,MIDDLE,v2_timeseries_7_15,1,0,0,0.009804,False,2026-06-05T14:02:39+00:00
164,Camille,TOP,v2_timeseries_7_15,76,39,10,0.745098,True,2026-06-05T14:02:39+00:00
164,Camille,UTILITY,v2_timeseries_7_15,20,12,2,0.196078,False,2026-06-05T14:02:39+00:00
69,Cassiopeia,BOTTOM,v2_timeseries_7_15,10,1,5,0.163934,False,2026-06-05T14:02:39+00:00
69,Cassiopeia,MIDDLE,v2_timeseries_7_15,34,13,9,0.557377,True,2026-06-05T14:02:39+00:00
69,Cassiopeia,TOP,v2_timeseries_7_15,15,13,0,0.245902,False,2026-06-05T14:02:39+00:00
69,Cassiopeia,UTILITY,v2_timeseries_7_15,2,2,0,0.032787,False,2026-06-05T14:02:39+00:00
31,Chogath,JUNGLE,v2_timeseries_7_15,1,0,1,0.033333,False,2026-06-05T14:02:39+00:00
31,Chogath,MIDDLE,v2_timeseries_7_15,8,4,3,0.266667,False,2026-06-05T14:02:39+00:00
31,Chogath,TOP,v2_timeseries_7_15,14,7,3,0.466667,True,2026-06-05T14:02:39+00:00
31,Chogath,UTILITY,v2_timeseries_7_15,7,1,2,0.233333,False,2026-06-05T14:02:39+00:00
42,Corki,BOTTOM,v2_timeseries_7_15,42,23,8,0.724138,True,2026-06-05T14:02:39+00:00
42,Corki,MIDDLE,v2_timeseries_7_15,14,9,2,0.241379,False,2026-06-05T14:02:39+00:00
42,Corki,TOP,v2_timeseries_7_15,1,0,0,0.017241,False,2026-06-05T14:02:39+00:00
42,Corki,UTILITY,v2_timeseries_7_15,1,0,0,0.017241,False,2026-06-05T14:02:39+00:00
122,Darius,JUNGLE,v2_timeseries_7_15,3,1,2,0.026549,False,2026-06-05T14:02:39+00:00
122,Darius,TOP,v2_timeseries_7_15,110,49,17,0.973451,True,2026-06-05T14:02:39+00:00
131,Diana,JUNGLE,v2_timeseries_7_15,70,38,12,0.414201,False,2026-06-05T14:02:39+00:00
131,Diana,MIDDLE,v2_timeseries_7_15,91,49,18,0.538462,True,2026-06-05T14:02:39+00:00
131,Diana,TOP,v2_timeseries_7_15,8,2,3,0.047337,False,2026-06-05T14:02:39+00:00
36,DrMundo,JUNGLE,v2_timeseries_7_15,19,10,4,0.231707,False,2026-06-05T14:02:39+00:00
36,DrMundo,TOP,v2_timeseries_7_15,61,31,10,0.743902,True,2026-06-05T14:02:39+00:00
36,DrMundo,UTILITY,v2_timeseries_7_15,2,1,1,0.02439,False,2026-06-05T14:02:39+00:00
119,Draven,BOTTOM,v2_timeseries_7_15,64,33,10,0.955224,True,2026-06-05T14:02:39+00:00
119,Draven,MIDDLE,v2_timeseries_7_15,1,0,0,0.014925,False,2026-06-05T14:02:39+00:00
119,Draven,TOP,v2_timeseries_7_15,2,1,0,0.029851,False,2026-06-05T14:02:39+00:00
245,Ekko,BOTTOM,v2_timeseries_7_15,1,1,0,0.00578,False,2026-06-05T14:02:39+00:00
245,Ekko,JUNGLE,v2_timeseries_7_15,113,53,17,0.653179,True,2026-06-05T14:02:39+00:00
245,Ekko,MIDDLE,v2_timeseries_7_15,54,34,7,0.312139,False,2026-06-05T14:02:39+00:00
245,Ekko,TOP,v2_timeseries_7_15,4,3,0,0.023121,False,2026-06-05T14:02:39+00:00
245,Ekko,UTILITY,v2_timeseries_7_15,1,0,1,0.00578,False,2026-06-05T14:02:39+00:00
60,Elise,JUNGLE,v2_timeseries_7_15,50,33,8,0.490196,True,2026-06-05T14:02:39+00:00
60,Elise,TOP,v2_timeseries_7_15,2,1,1,0.019608,False,2026-06-05T14:02:39+00:00
60,Elise,UTILITY,v2_timeseries_7_15,50,23,5,0.490196,False,2026-06-05T14:02:39+00:00
28,Evelynn,JUNGLE,v2_timeseries_7_15,31,15,3,1.0,True,2026-06-05T14:02:39+00:00
81,Ezreal,BOTTOM,v2_timeseries_7_15,753,365,133,0.938903,True,2026-06-05T14:02:39+00:00
81,Ezreal,MIDDLE,v2_timeseries_7_15,3,1,0,0.003741,False,2026-06-05T14:02:39+00:00
81,Ezreal,TOP,v2_timeseries_7_15,3,1,0,0.003741,False,2026-06-05T14:02:39+00:00
81,Ezreal,UTILITY,v2_timeseries_7_15,43,18,9,0.053616,False,2026-06-05T14:02:39+00:00
9,FiddleSticks,JUNGLE,v2_timeseries_7_15,31,17,3,0.574074,True,2026-06-05T14:02:39+00:00
9,FiddleSticks,MIDDLE,v2_timeseries_7_15,3,2,1,0.055556,False,2026-06-05T14:02:39+00:00
9,FiddleSticks,TOP,v2_timeseries_7_15,6,4,1,0.111111,False,2026-06-05T14:02:39+00:00
9,FiddleSticks,UTILITY,v2_timeseries_7_15,14,6,4,0.259259,False,2026-06-05T14:02:39+00:00
114,Fiora,TOP,v2_timeseries_7_15,87,50,11,1.0,True,2026-06-05T14:02:39+00:00
105,Fizz,JUNGLE,v2_timeseries_7_15,20,7,4,0.175439,False,2026-06-05T14:02:39+00:00
105,Fizz,MIDDLE,v2_timeseries_7_15,89,42,13,0.780702,True,2026-06-05T14:02:39+00:00
105,Fizz,TOP,v2_timeseries_7_15,4,3,0,0.035088,False,2026-06-05T14:02:39+00:00
105,Fizz,UTILITY,v2_timeseries_7_15,1,0,0,0.008772,False,2026-06-05T14:02:39+00:00
3,Galio,MIDDLE,v2_timeseries_7_15,143,77,25,0.861446,True,2026-06-05T14:02:39+00:00
3,Galio,TOP,v2_timeseries_7_15,5,4,0,0.03012,False,2026-06-05T14:02:39+00:00
3,Galio,UTILITY,v2_timeseries_7_15,18,10,1,0.108434,False,2026-06-05T14:02:39+00:00
41,Gangplank,MIDDLE,v2_timeseries_7_15,2,0,0,0.016807,False,2026-06-05T14:02:39+00:00
41,Gangplank,TOP,v2_timeseries_7_15,117,58,26,0.983193,True,2026-06-05T14:02:39+00:00
86,Garen,MIDDLE,v2_timeseries_7_15,11,6,3,0.113402,False,2026-06-05T14:02:39+00:00
86,Garen,TOP,v2_timeseries_7_15,86,38,12,0.886598,True,2026-06-05T14:02:39+00:00
150,Gnar,BOTTOM,v2_timeseries_7_15,1,0,1,0.006803,False,2026-06-05T14:02:39+00:00
150,Gnar,TOP,v2_timeseries_7_15,146,82,26,0.993197,True,2026-06-05T14:02:39+00:00
79,Gragas,JUNGLE,v2_timeseries_7_15,15,7,3,0.185185,False,2026-06-05T14:02:39+00:00
79,Gragas,MIDDLE,v2_timeseries_7_15,1,1,0,0.012346,False,2026-06-05T14:02:39+00:00
79,Gragas,TOP,v2_timeseries_7_15,61,31,11,0.753086,True,2026-06-05T14:02:39+00:00
79,Gragas,UTILITY,v2_timeseries_7_15,4,0,0,0.049383,False,2026-06-05T14:02:39+00:00
104,Graves,JUNGLE,v2_timeseries_7_15,314,170,48,0.984326,True,2026-06-05T14:02:39+00:00
104,Graves,TOP,v2_timeseries_7_15,5,4,0,0.015674,False,2026-06-05T14:02:39+00:00
887,Gwen,JUNGLE,v2_timeseries_7_15,34,17,9,0.365591,False,2026-06-05T14:02:39+00:00
887,Gwen,MIDDLE,v2_timeseries_7_15,1,0,0,0.010753,False,2026-06-05T14:02:39+00:00
887,Gwen,TOP,v2_timeseries_7_15,58,35,7,0.623656,True,2026-06-05T14:02:39+00:00
120,Hecarim,JUNGLE,v2_timeseries_7_15,93,41,17,1.0,True,2026-06-05T14:02:39+00:00
74,Heimerdinger,MIDDLE,v2_timeseries_7_15,5,3,2,0.106383,False,2026-06-05T14:02:39+00:00
74,Heimerdinger,TOP,v2_timeseries_7_15,30,17,5,0.638298,True,2026-06-05T14:02:39+00:00
74,Heimerdinger,UTILITY,v2_timeseries_7_15,12,4,4,0.255319,False,2026-06-05T14:02:39+00:00
910,Hwei,BOTTOM,v2_timeseries_7_15,3,0,0,0.032967,False,2026-06-05T14:02:39+00:00
910,Hwei,MIDDLE,v2_timeseries_7_15,77,29,17,0.846154,True,2026-06-05T14:02:39+00:00
910,Hwei,UTILITY,v2_timeseries_7_15,11,5,5,0.120879,False,2026-06-05T14:02:39+00:00
420,Illaoi,MIDDLE,v2_timeseries_7_15,2,1,0,0.042553,False,2026-06-05T14:02:39+00:00
420,Illaoi,TOP,v2_timeseries_7_15,45,22,7,0.957447,True,2026-06-05T14:02:39+00:00
39,Irelia,BOTTOM,v2_timeseries_7_15,4,1,2,0.018957,False,2026-06-05T14:02:39+00:00
39,Irelia,MIDDLE,v2_timeseries_7_15,77,33,12,0.364929,False,2026-06-05T14:02:39+00:00
39,Irelia,TOP,v2_timeseries_7_15,130,56,25,0.616114,True,2026-06-05T14:02:39+00:00
427,Ivern,JUNGLE,v2_timeseries_7_15,16,8,3,0.551724,True,2026-06-05T14:02:39+00:00
427,Ivern,MIDDLE,v2_timeseries_7_15,1,0,1,0.034483,False,2026-06-05T14:02:39+00:00
427,Ivern,TOP,v2_timeseries_7_15,4,3,0,0.137931,False,2026-06-05T14:02:39+00:00
427,Ivern,UTILITY,v2_timeseries_7_15,8,7,0,0.275862,False,2026-06-05T14:02:39+00:00
40,Janna,UTILITY,v2_timeseries_7_15,31,14,3,1.0,True,2026-06-05T14:02:39+00:00
59,JarvanIV,JUNGLE,v2_timeseries_7_15,166,86,29,0.932584,True,2026-06-05T14:02:39+00:00
59,JarvanIV,MIDDLE,v2_timeseries_7_15,1,1,0,0.005618,False,2026-06-05T14:02:39+00:00
59,JarvanIV,TOP,v2_timeseries_7_15,3,0,1,0.016854,False,2026-06-05T14:02:39+00:00
59,JarvanIV,UTILITY,v2_timeseries_7_15,8,5,1,0.044944,False,2026-06-05T14:02:39+00:00
24,Jax,JUNGLE,v2_timeseries_7_15,31,13,9,0.158163,False,2026-06-05T14:02:39+00:00
24,Jax,MIDDLE,v2_timeseries_7_15,1,0,0,0.005102,False,2026-06-05T14:02:39+00:00
24,Jax,TOP,v2_timeseries_7_15,164,92,22,0.836735,True,2026-06-05T14:02:39+00:00
126,Jayce,JUNGLE,v2_timeseries_7_15,109,62,16,0.340625,False,2026-06-05T14:02:39+00:00
126,Jayce,MIDDLE,v2_timeseries_7_15,29,14,5,0.090625,False,2026-06-05T14:02:39+00:00
126,Jayce,TOP,v2_timeseries_7_15,182,86,43,0.56875,True,2026-06-05T14:02:39+00:00
202,Jhin,BOTTOM,v2_timeseries_7_15,427,207,80,0.983871,True,2026-06-05T14:02:39+00:00
202,Jhin,MIDDLE,v2_timeseries_7_15,1,0,0,0.002304,False,2026-06-05T14:02:39+00:00
202,Jhin,TOP,v2_timeseries_7_15,4,2,0,0.009217,False,2026-06-05T14:02:39+00:00
202,Jhin,UTILITY,v2_timeseries_7_15,2,0,2,0.004608,False,2026-06-05T14:02:39+00:00
222,Jinx,BOTTOM,v2_timeseries_7_15,329,173,51,1.0,True,2026-06-05T14:02:39+00:00
897,KSante,MIDDLE,v2_timeseries_7_15,3,1,0,0.017241,False,2026-06-05T14:02:39+00:00
897,KSante,TOP,v2_timeseries_7_15,166,75,28,0.954023,True,2026-06-05T14:02:39+00:00
897,KSante,UTILITY,v2_timeseries_7_15,5,1,2,0.028736,False,2026-06-05T14:02:39+00:00
145,Kaisa,BOTTOM,v2_timeseries_7_15,561,279,92,0.980769,True,2026-06-05T14:02:39+00:00
145,Kaisa,JUNGLE,v2_timeseries_7_15,3,1,2,0.005245,False,2026-06-05T14:02:39+00:00
145,Kaisa,MIDDLE,v2_timeseries_7_15,5,3,0,0.008741,False,2026-06-05T14:02:39+00:00
145,Kaisa,TOP,v2_timeseries_7_15,3,2,1,0.005245,False,2026-06-05T14:02:39+00:00
429,Kalista,BOTTOM,v2_timeseries_7_15,32,10,9,0.888889,True,2026-06-05T14:02:39+00:00
429,Kalista,MIDDLE,v2_timeseries_7_15,1,0,1,0.027778,False,2026-06-05T14:02:39+00:00
429,Kalista,TOP,v2_timeseries_7_15,3,0,1,0.083333,False,2026-06-05T14:02:39+00:00
43,Karma,MIDDLE,v2_timeseries_7_15,3,3,0,0.008646,False,2026-06-05T14:02:39+00:00
43,Karma,TOP,v2_timeseries_7_15,2,2,0,0.005764,False,2026-06-05T14:02:39+00:00
43,Karma,UTILITY,v2_timeseries_7_15,342,158,60,0.985591,True,2026-06-05T14:02:39+00:00
30,Karthus,JUNGLE,v2_timeseries_7_15,37,25,4,0.880952,True,2026-06-05T14:02:39+00:00
30,Karthus,MIDDLE,v2_timeseries_7_15,2,1,0,0.047619,False,2026-06-05T14:02:39+00:00
30,Karthus,TOP,v2_timeseries_7_15,2,1,0,0.047619,False,2026-06-05T14:02:39+00:00
30,Karthus,UTILITY,v2_timeseries_7_15,1,0,1,0.02381,False,2026-06-05T14:02:39+00:00
38,Kassadin,MIDDLE,v2_timeseries_7_15,30,17,2,0.882353,True,2026-06-05T14:02:39+00:00
38,Kassadin,TOP,v2_timeseries_7_15,4,2,0,0.117647,False,2026-06-05T14:02:39+00:00
55,Katarina,BOTTOM,v2_timeseries_7_15,1,1,0,0.007634,False,2026-06-05T14:02:39+00:00
55,Katarina,MIDDLE,v2_timeseries_7_15,130,65,21,0.992366,True,2026-06-05T14:02:39+00:00
10,Kayle,MIDDLE,v2_timeseries_7_15,1,0,0,0.033333,False,2026-06-05T14:02:39+00:00
10,Kayle,TOP,v2_timeseries_7_15,29,14,3,0.966667,True,2026-06-05T14:02:39+00:00
141,Kayn,JUNGLE,v2_timeseries_7_15,51,26,10,0.864407,True,2026-06-05T14:02:39+00:00
141,Kayn,TOP,v2_timeseries_7_15,8,3,1,0.135593,False,2026-06-05T14:02:39+00:00
85,Kennen,MIDDLE,v2_timeseries_7_15,16,13,1,0.125984,False,2026-06-05T14:02:39+00:00
85,Kennen,TOP,v2_timeseries_7_15,105,55,17,0.826772,True,2026-06-05T14:02:39+00:00
85,Kennen,UTILITY,v2_timeseries_7_15,6,3,1,0.047244,False,2026-06-05T14:02:39+00:00
121,Khazix,JUNGLE,v2_timeseries_7_15,194,106,25,1.0,True,2026-06-05T14:02:39+00:00
203,Kindred,JUNGLE,v2_timeseries_7_15,26,9,5,1.0,True,2026-06-05T14:02:39+00:00
240,Kled,MIDDLE,v2_timeseries_7_15,3,2,0,0.1,False,2026-06-05T14:02:39+00:00
240,Kled,TOP,v2_timeseries_7_15,25,15,4,0.833333,True,2026-06-05T14:02:39+00:00
240,Kled,UTILITY,v2_timeseries_7_15,2,1,0,0.066667,False,2026-06-05T14:02:39+00:00
96,KogMaw,BOTTOM,v2_timeseries_7_15,21,13,4,0.677419,True,2026-06-05T14:02:39+00:00
96,KogMaw,MIDDLE,v2_timeseries_7_15,8,5,1,0.258065,False,2026-06-05T14:02:39+00:00
96,KogMaw,TOP,v2_timeseries_7_15,2,1,0,0.064516,False,2026-06-05T14:02:39+00:00
7,Leblanc,MIDDLE,v2_timeseries_7_15,138,68,18,0.841463,True,2026-06-05T14:02:39+00:00
7,Leblanc,TOP,v2_timeseries_7_15,1,1,0,0.006098,False,2026-06-05T14:02:39+00:00
7,Leblanc,UTILITY,v2_timeseries_7_15,25,12,3,0.152439,False,2026-06-05T14:02:39+00:00
64,LeeSin,JUNGLE,v2_timeseries_7_15,649,318,111,0.984825,True,2026-06-05T14:02:39+00:00
64,LeeSin,MIDDLE,v2_timeseries_7_15,2,2,0,0.003035,False,2026-06-05T14:02:39+00:00
64,LeeSin,TOP,v2_timeseries_7_15,7,2,0,0.010622,False,2026-06-05T14:02:39+00:00
64,LeeSin,UTILITY,v2_timeseries_7_15,1,1,0,0.001517,False,2026-06-05T14:02:39+00:00
89,Leona,UTILITY,v2_timeseries_7_15,186,83,43,1.0,True,2026-06-05T14:02:39+00:00
876,Lillia,JUNGLE,v2_timeseries_7_15,73,37,17,0.986486,True,2026-06-05T14:02:39+00:00
876,Lillia,TOP,v2_timeseries_7_15,1,0,1,0.013514,False,2026-06-05T14:02:39+00:00
127,Lissandra,MIDDLE,v2_timeseries_7_15,96,49,15,0.834783,True,2026-06-05T14:02:39+00:00
127,Lissandra,TOP,v2_timeseries_7_15,13,7,2,0.113043,False,2026-06-05T14:02:39+00:00
127,Lissandra,UTILITY,v2_timeseries_7_15,6,3,2,0.052174,False,2026-06-05T14:02:39+00:00
236,Lucian,BOTTOM,v2_timeseries_7_15,350,181,58,0.988701,True,2026-06-05T14:02:39+00:00
236,Lucian,MIDDLE,v2_timeseries_7_15,1,0,0,0.002825,False,2026-06-05T14:02:39+00:00
236,Lucian,TOP,v2_timeseries_7_15,3,3,0,0.008475,False,2026-06-05T14:02:39+00:00
117,Lulu,MIDDLE,v2_timeseries_7_15,1,1,0,0.003021,False,2026-06-05T14:02:39+00:00
117,Lulu,TOP,v2_timeseries_7_15,4,2,0,0.012085,False,2026-06-05T14:02:39+00:00
117,Lulu,UTILITY,v2_timeseries_7_15,326,169,51,0.984894,True,2026-06-05T14:02:39+00:00
99,Lux,MIDDLE,v2_timeseries_7_15,37,22,5,0.280303,False,2026-06-05T14:02:39+00:00
99,Lux,UTILITY,v2_timeseries_7_15,95,48,22,0.719697,True,2026-06-05T14:02:39+00:00
54,Malphite,JUNGLE,v2_timeseries_7_15,52,26,11,0.214876,False,2026-06-05T14:02:39+00:00
54,Malphite,MIDDLE,v2_timeseries_7_15,19,10,3,0.078512,False,2026-06-05T14:02:39+00:00
54,Malphite,TOP,v2_timeseries_7_15,168,86,30,0.694215,True,2026-06-05T14:02:39+00:00
54,Malphite,UTILITY,v2_timeseries_7_15,3,0,1,0.012397,False,2026-06-05T14:02:39+00:00
90,Malzahar,BOTTOM,v2_timeseries_7_15,1,0,0,0.009615,False,2026-06-05T14:02:39+00:00
90,Malzahar,MIDDLE,v2_timeseries_7_15,98,45,25,0.942308,True,2026-06-05T14:02:39+00:00
90,Malzahar,TOP,v2_timeseries_7_15,4,1,1,0.038462,False,2026-06-05T14:02:39+00:00
90,Malzahar,UTILITY,v2_timeseries_7_15,1,1,0,0.009615,False,2026-06-05T14:02:39+00:00
57,Maokai,JUNGLE,v2_timeseries_7_15,15,9,1,0.176471,False,2026-06-05T14:02:39+00:00
57,Maokai,MIDDLE,v2_timeseries_7_15,1,1,0,0.011765,False,2026-06-05T14:02:39+00:00
57,Maokai,TOP,v2_timeseries_7_15,16,11,1,0.188235,False,2026-06-05T14:02:39+00:00
57,Maokai,UTILITY,v2_timeseries_7_15,53,30,13,0.623529,True,2026-06-05T14:02:39+00:00
11,MasterYi,JUNGLE,v2_timeseries_7_15,68,31,12,0.8,True,2026-06-05T14:02:39+00:00
11,MasterYi,MIDDLE,v2_timeseries_7_15,3,1,1,0.035294,False,2026-06-05T14:02:39+00:00
11,MasterYi,TOP,v2_timeseries_7_15,13,6,1,0.152941,False,2026-06-05T14:02:39+00:00
11,MasterYi,UTILITY,v2_timeseries_7_15,1,0,0,0.011765,False,2026-06-05T14:02:39+00:00
800,Mel,BOTTOM,v2_timeseries_7_15,10,3,0,0.068966,False,2026-06-05T14:02:39+00:00
800,Mel,MIDDLE,v2_timeseries_7_15,74,33,10,0.510345,True,2026-06-05T14:02:39+00:00
800,Mel,TOP,v2_timeseries_7_15,1,0,0,0.006897,False,2026-06-05T14:02:39+00:00
800,Mel,UTILITY,v2_timeseries_7_15,60,23,12,0.413793,False,2026-06-05T14:02:39+00:00
902,Milio,UTILITY,v2_timeseries_7_15,80,38,15,1.0,True,2026-06-05T14:02:39+00:00
21,MissFortune,BOTTOM,v2_timeseries_7_15,171,84,40,0.994186,True,2026-06-05T14:02:39+00:00
21,MissFortune,UTILITY,v2_timeseries_7_15,1,0,1,0.005814,False,2026-06-05T14:02:39+00:00
62,MonkeyKing,JUNGLE,v2_timeseries_7_15,63,27,8,0.65625,True,2026-06-05T14:02:39+00:00
62,MonkeyKing,MIDDLE,v2_timeseries_7_15,2,1,1,0.020833,False,2026-06-05T14:02:39+00:00
62,MonkeyKing,TOP,v2_timeseries_7_15,26,15,2,0.270833,False,2026-06-05T14:02:39+00:00
62,MonkeyKing,UTILITY,v2_timeseries_7_15,5,3,2,0.052083,False,2026-06-05T14:02:39+00:00
82,Mordekaiser,JUNGLE,v2_timeseries_7_15,2,1,0,0.020619,False,2026-06-05T14:02:39+00:00
82,Mordekaiser,MIDDLE,v2_timeseries_7_15,4,4,0,0.041237,False,2026-06-05T14:02:39+00:00
82,Mordekaiser,TOP,v2_timeseries_7_15,91,52,12,0.938144,True,2026-06-05T14:02:39+00:00
25,Morgana,JUNGLE,v2_timeseries_7_15,4,0,0,0.039604,False,2026-06-05T14:02:39+00:00
25,Morgana,MIDDLE,v2_timeseries_7_15,10,5,2,0.09901,False,2026-06-05T14:02:39+00:00
25,Morgana,UTILITY,v2_timeseries_7_15,87,45,12,0.861386,True,2026-06-05T14:02:39+00:00
950,Naafiri,BOTTOM,v2_timeseries_7_15,1,0,0,0.00495,False,2026-06-05T14:02:39+00:00
950,Naafiri,JUNGLE,v2_timeseries_7_15,141,68,14,0.69802,True,2026-06-05T14:02:39+00:00
950,Naafiri,MIDDLE,v2_timeseries_7_15,52,27,8,0.257426,False,2026-06-05T14:02:39+00:00
950,Naafiri,TOP,v2_timeseries_7_15,6,4,1,0.029703,False,2026-06-05T14:02:39+00:00
950,Naafiri,UTILITY,v2_timeseries_7_15,2,1,0,0.009901,False,2026-06-05T14:02:39+00:00
267,Nami,UTILITY,v2_timeseries_7_15,123,68,25,1.0,True,2026-06-05T14:02:39+00:00
75,Nasus,JUNGLE,v2_timeseries_7_15,2,1,0,0.029412,False,2026-06-05T14:02:39+00:00
75,Nasus,MIDDLE,v2_timeseries_7_15,8,2,2,0.117647,False,2026-06-05T14:02:39+00:00
75,Nasus,TOP,v2_timeseries_7_15,56,28,6,0.823529,True,2026-06-05T14:02:39+00:00
75,Nasus,UTILITY,v2_timeseries_7_15,2,0,1,0.029412,False,2026-06-05T14:02:39+00:00
111,Nautilus,MIDDLE,v2_timeseries_7_15,1,0,0,0.003145,False,2026-06-05T14:02:39+00:00
111,Nautilus,TOP,v2_timeseries_7_15,1,0,0,0.003145,False,2026-06-05T14:02:39+00:00
111,Nautilus,UTILITY,v2_timeseries_7_15,316,150,64,0.993711,True,2026-06-05T14:02:39+00:00
518,Neeko,JUNGLE,v2_timeseries_7_15,1,1,0,0.007353,False,2026-06-05T14:02:39+00:00
518,Neeko,MIDDLE,v2_timeseries_7_15,14,3,6,0.102941,False,2026-06-05T14:02:39+00:00
518,Neeko,TOP,v2_timeseries_7_15,5,3,1,0.036765,False,2026-06-05T14:02:39+00:00
518,Neeko,UTILITY,v2_timeseries_7_15,116,57,20,0.852941,True,2026-06-05T14:02:39+00:00
76,Nidalee,BOTTOM,v2_timeseries_7_15,1,0,0,0.007752,False,2026-06-05T14:02:39+00:00
76,Nidalee,JUNGLE,v2_timeseries_7_15,119,54,26,0.922481,True,2026-06-05T14:02:39+00:00
76,Nidalee,MIDDLE,v2_timeseries_7_15,2,0,1,0.015504,False,2026-06-05T14:02:39+00:00
76,Nidalee,TOP,v2_timeseries_7_15,2,1,0,0.015504,False,2026-06-05T14:02:39+00:00
76,Nidalee,UTILITY,v2_timeseries_7_15,5,3,1,0.03876,False,2026-06-05T14:02:39+00:00
895,Nilah,BOTTOM,v2_timeseries_7_15,41,19,7,0.97619,True,2026-06-05T14:02:39+00:00
895,Nilah,MIDDLE,v2_timeseries_7_15,1,0,0,0.02381,False,2026-06-05T14:02:39+00:00
56,Nocturne,JUNGLE,v2_timeseries_7_15,121,61,27,0.952756,True,2026-06-05T14:02:39+00:00
56,Nocturne,MIDDLE,v2_timeseries_7_15,2,1,0,0.015748,False,2026-06-05T14:02:39+00:00
56,Nocturne,TOP,v2_timeseries_7_15,4,2,2,0.031496,False,2026-06-05T14:02:39+00:00
20,Nunu,JUNGLE,v2_timeseries_7_15,55,24,14,0.797101,True,2026-06-05T14:02:39+00:00
20,Nunu,MIDDLE,v2_timeseries_7_15,11,6,0,0.15942,False,2026-06-05T14:02:39+00:00
20,Nunu,TOP,v2_timeseries_7_15,1,0,1,0.014493,False,2026-06-05T14:02:39+00:00
20,Nunu,UTILITY,v2_timeseries_7_15,2,1,0,0.028986,False,2026-06-05T14:02:39+00:00
2,Olaf,JUNGLE,v2_timeseries_7_15,2,2,0,0.020408,False,2026-06-05T14:02:39+00:00
2,Olaf,MIDDLE,v2_timeseries_7_15,1,0,0,0.010204,False,2026-06-05T14:02:39+00:00
2,Olaf,TOP,v2_timeseries_7_15,95,39,26,0.969388,True,2026-06-05T14:02:39+00:00
61,Orianna,MIDDLE,v2_timeseries_7_15,229,98,49,0.991342,True,2026-06-05T14:02:39+00:00
61,Orianna,TOP,v2_timeseries_7_15,1,0,0,0.004329,False,2026-06-05T14:02:39+00:00
61,Orianna,UTILITY,v2_timeseries_7_15,1,1,0,0.004329,False,2026-06-05T14:02:39+00:00
516,Ornn,MIDDLE,v2_timeseries_7_15,7,4,2,0.065421,False,2026-06-05T14:02:39+00:00
516,Ornn,TOP,v2_timeseries_7_15,98,49,15,0.915888,True,2026-06-05T14:02:39+00:00
516,Ornn,UTILITY,v2_timeseries_7_15,2,1,0,0.018692,False,2026-06-05T14:02:39+00:00
80,Pantheon,JUNGLE,v2_timeseries_7_15,41,21,6,0.218085,False,2026-06-05T14:02:39+00:00
80,Pantheon,MIDDLE,v2_timeseries_7_15,20,10,3,0.106383,False,2026-06-05T14:02:39+00:00
80,Pantheon,TOP,v2_timeseries_7_15,55,31,9,0.292553,False,2026-06-05T14:02:39+00:00
80,Pantheon,UTILITY,v2_timeseries_7_15,72,35,9,0.382979,True,2026-06-05T14:02:39+00:00
78,Poppy,JUNGLE,v2_timeseries_7_15,18,9,3,0.137405,False,2026-06-05T14:02:39+00:00
78,Poppy,TOP,v2_timeseries_7_15,42,22,10,0.320611,False,2026-06-05T14:02:39+00:00
78,Poppy,UTILITY,v2_timeseries_7_15,71,37,16,0.541985,True,2026-06-05T14:02:39+00:00
555,Pyke,UTILITY,v2_timeseries_7_15,169,82,23,1.0,True,2026-06-05T14:02:39+00:00
246,Qiyana,JUNGLE,v2_timeseries_7_15,34,20,7,0.357895,False,2026-06-05T14:02:39+00:00
246,Qiyana,MIDDLE,v2_timeseries_7_15,52,26,14,0.547368,True,2026-06-05T14:02:39+00:00
246,Qiyana,TOP,v2_timeseries_7_15,6,3,2,0.063158,False,2026-06-05T14:02:39+00:00
246,Qiyana,UTILITY,v2_timeseries_7_15,3,2,0,0.031579,False,2026-06-05T14:02:39+00:00
133,Quinn,MIDDLE,v2_timeseries_7_15,2,1,0,0.055556,False,2026-06-05T14:02:39+00:00
133,Quinn,TOP,v2_timeseries_7_15,34,19,3,0.944444,True,2026-06-05T14:02:39+00:00
497,Rakan,UTILITY,v2_timeseries_7_15,146,74,29,1.0,True,2026-06-05T14:02:39+00:00
33,Rammus,JUNGLE,v2_timeseries_7_15,27,16,2,0.710526,True,2026-06-05T14:02:39+00:00
33,Rammus,TOP,v2_timeseries_7_15,2,1,0,0.052632,False,2026-06-05T14:02:39+00:00
33,Rammus,UTILITY,v2_timeseries_7_15,9,5,1,0.236842,False,2026-06-05T14:02:39+00:00
421,RekSai,JUNGLE,v2_timeseries_7_15,101,56,9,0.90991,True,2026-06-05T14:02:39+00:00
421,RekSai,TOP,v2_timeseries_7_15,10,5,2,0.09009,False,2026-06-05T14:02:39+00:00
526,Rell,TOP,v2_timeseries_7_15,1,0,1,0.009434,False,2026-06-05T14:02:39+00:00
526,Rell,UTILITY,v2_timeseries_7_15,105,56,17,0.990566,True,2026-06-05T14:02:39+00:00
888,Renata,UTILITY,v2_timeseries_7_15,16,11,1,1.0,True,2026-06-05T14:02:39+00:00
58,Renekton,MIDDLE,v2_timeseries_7_15,13,8,3,0.071823,False,2026-06-05T14:02:39+00:00
58,Renekton,TOP,v2_timeseries_7_15,168,80,32,0.928177,True,2026-06-05T14:02:39+00:00
107,Rengar,JUNGLE,v2_timeseries_7_15,19,10,2,0.513514,True,2026-06-05T14:02:39+00:00
107,Rengar,TOP,v2_timeseries_7_15,12,6,4,0.324324,False,2026-06-05T14:02:39+00:00
107,Rengar,UTILITY,v2_timeseries_7_15,6,2,1,0.162162,False,2026-06-05T14:02:39+00:00
92,Riven,JUNGLE,v2_timeseries_7_15,1,1,0,0.015873,False,2026-06-05T14:02:39+00:00
92,Riven,MIDDLE,v2_timeseries_7_15,2,2,0,0.031746,False,2026-06-05T14:02:39+00:00
92,Riven,TOP,v2_timeseries_7_15,60,23,13,0.952381,True,2026-06-05T14:02:39+00:00
68,Rumble,MIDDLE,v2_timeseries_7_15,4,3,0,0.027211,False,2026-06-05T14:02:39+00:00
68,Rumble,TOP,v2_timeseries_7_15,141,71,29,0.959184,True,2026-06-05T14:02:39+00:00
68,Rumble,UTILITY,v2_timeseries_7_15,2,1,0,0.013605,False,2026-06-05T14:02:39+00:00
13,Ryze,MIDDLE,v2_timeseries_7_15,146,70,29,0.726368,True,2026-06-05T14:02:39+00:00
13,Ryze,TOP,v2_timeseries_7_15,54,22,10,0.268657,False,2026-06-05T14:02:39+00:00
13,Ryze,UTILITY,v2_timeseries_7_15,1,1,0,0.004975,False,2026-06-05T14:02:39+00:00
360,Samira,BOTTOM,v2_timeseries_7_15,69,40,8,1.0,True,2026-06-05T14:02:39+00:00
113,Sejuani,JUNGLE,v2_timeseries_7_15,37,16,8,0.698113,True,2026-06-05T14:02:39+00:00
113,Sejuani,TOP,v2_timeseries_7_15,13,5,2,0.245283,False,2026-06-05T14:02:39+00:00
113,Sejuani,UTILITY,v2_timeseries_7_15,3,0,1,0.056604,False,2026-06-05T14:02:39+00:00
235,Senna,BOTTOM,v2_timeseries_7_15,26,12,4,0.17931,False,2026-06-05T14:02:39+00:00
235,Senna,TOP,v2_timeseries_7_15,1,0,1,0.006897,False,2026-06-05T14:02:39+00:00
235,Senna,UTILITY,v2_timeseries_7_15,118,59,20,0.813793,True,2026-06-05T14:02:39+00:00
147,Seraphine,BOTTOM,v2_timeseries_7_15,3,1,0,0.017143,False,2026-06-05T14:02:39+00:00
147,Seraphine,MIDDLE,v2_timeseries_7_15,5,3,1,0.028571,False,2026-06-05T14:02:39+00:00
147,Seraphine,UTILITY,v2_timeseries_7_15,167,98,27,0.954286,True,2026-06-05T14:02:39+00:00
875,Sett,BOTTOM,v2_timeseries_7_15,1,0,0,0.007812,False,2026-06-05T14:02:39+00:00
875,Sett,MIDDLE,v2_timeseries_7_15,8,6,0,0.0625,False,2026-06-05T14:02:39+00:00
875,Sett,TOP,v2_timeseries_7_15,117,60,23,0.914062,True,2026-06-05T14:02:39+00:00
875,Sett,UTILITY,v2_timeseries_7_15,2,0,1,0.015625,False,2026-06-05T14:02:39+00:00
35,Shaco,JUNGLE,v2_timeseries_7_15,62,32,14,0.639175,True,2026-06-05T14:02:39+00:00
35,Shaco,TOP,v2_timeseries_7_15,1,0,0,0.010309,False,2026-06-05T14:02:39+00:00
35,Shaco,UTILITY,v2_timeseries_7_15,34,13,6,0.350515,False,2026-06-05T14:02:39+00:00
98,Shen,JUNGLE,v2_timeseries_7_15,11,5,1,0.135802,False,2026-06-05T14:02:39+00:00
98,Shen,MIDDLE,v2_timeseries_7_15,1,1,0,0.012346,False,2026-06-05T14:02:39+00:00
98,Shen,TOP,v2_timeseries_7_15,67,31,10,0.82716,True,2026-06-05T14:02:39+00:00
98,Shen,UTILITY,v2_timeseries_7_15,2,1,1,0.024691,False,2026-06-05T14:02:39+00:00
102,Shyvana,JUNGLE,v2_timeseries_7_15,44,17,10,0.814815,True,2026-06-05T14:02:39+00:00
102,Shyvana,MIDDLE,v2_timeseries_7_15,1,0,0,0.018519,False,2026-06-05T14:02:39+00:00
102,Shyvana,TOP,v2_timeseries_7_15,9,4,2,0.166667,False,2026-06-05T14:02:39+00:00
27,Singed,MIDDLE,v2_timeseries_7_15,7,5,0,0.09589,False,2026-06-05T14:02:39+00:00
27,Singed,TOP,v2_timeseries_7_15,64,38,14,0.876712,True,2026-06-05T14:02:39+00:00
27,Singed,UTILITY,v2_timeseries_7_15,2,1,1,0.027397,False,2026-06-05T14:02:39+00:00
14,Sion,JUNGLE,v2_timeseries_7_15,2,0,1,0.013072,False,2026-06-05T14:02:39+00:00
14,Sion,MIDDLE,v2_timeseries_7_15,16,11,1,0.104575,False,2026-06-05T14:02:39+00:00
14,Sion,TOP,v2_timeseries_7_15,133,76,23,0.869281,True,2026-06-05T14:02:39+00:00
14,Sion,UTILITY,v2_timeseries_7_15,2,1,0,0.013072,False,2026-06-05T14:02:39+00:00
15,Sivir,BOTTOM,v2_timeseries_7_15,221,127,35,0.995495,True,2026-06-05T14:02:39+00:00
15,Sivir,MIDDLE,v2_timeseries_7_15,1,1,0,0.004505,False,2026-06-05T14:02:39+00:00
72,Skarner,JUNGLE,v2_timeseries_7_15,12,6,2,0.363636,True,2026-06-05T14:02:39+00:00
72,Skarner,TOP,v2_timeseries_7_15,11,6,2,0.333333,False,2026-06-05T14:02:39+00:00
72,Skarner,UTILITY,v2_timeseries_7_15,10,3,3,0.30303,False,2026-06-05T14:02:39+00:00
901,Smolder,BOTTOM,v2_timeseries_7_15,135,59,15,0.89404,True,2026-06-05T14:02:39+00:00
901,Smolder,MIDDLE,v2_timeseries_7_15,12,5,2,0.07947,False,2026-06-05T14:02:39+00:00
901,Smolder,TOP,v2_timeseries_7_15,4,2,1,0.02649,False,2026-06-05T14:02:39+00:00
37,Sona,UTILITY,v2_timeseries_7_15,61,31,14,1.0,True,2026-06-05T14:02:39+00:00
16,Soraka,TOP,v2_timeseries_7_15,1,1,0,0.006993,False,2026-06-05T14:02:39+00:00
16,Soraka,UTILITY,v2_timeseries_7_15,142,87,16,0.993007,True,2026-06-05T14:02:39+00:00
50,Swain,BOTTOM,v2_timeseries_7_15,45,25,3,0.368852,False,2026-06-05T14:02:39+00:00
50,Swain,MIDDLE,v2_timeseries_7_15,13,6,2,0.106557,False,2026-06-05T14:02:39+00:00
50,Swain,TOP,v2_timeseries_7_15,13,7,2,0.106557,False,2026-06-05T14:02:39+00:00
50,Swain,UTILITY,v2_timeseries_7_15,51,26,13,0.418033,True,2026-06-05T14:02:39+00:00
517,Sylas,JUNGLE,v2_timeseries_7_15,215,105,44,0.406427,False,2026-06-05T14:02:39+00:00
517,Sylas,MIDDLE,v2_timeseries_7_15,241,111,56,0.455577,True,2026-06-05T14:02:39+00:00
517,Sylas,TOP,v2_timeseries_7_15,40,22,6,0.075614,False,2026-06-05T14:02:39+00:00
517,Sylas,UTILITY,v2_timeseries_7_15,33,19,7,0.062382,False,2026-06-05T14:02:39+00:00
134,Syndra,BOTTOM,v2_timeseries_7_15,1,0,0,0.010204,False,2026-06-05T14:02:39+00:00
134,Syndra,MIDDLE,v2_timeseries_7_15,91,51,15,0.928571,True,2026-06-05T14:02:39+00:00
134,Syndra,UTILITY,v2_timeseries_7_15,6,2,2,0.061224,False,2026-06-05T14:02:39+00:00
223,TahmKench,TOP,v2_timeseries_7_15,16,4,4,0.380952,False,2026-06-05T14:02:39+00:00
223,TahmKench,UTILITY,v2_timeseries_7_15,26,15,6,0.619048,True,2026-06-05T14:02:39+00:00
163,Taliyah,JUNGLE,v2_timeseries_7_15,37,21,7,0.37,False,2026-06-05T14:02:39+00:00
163,Taliyah,MIDDLE,v2_timeseries_7_15,62,34,11,0.62,True,2026-06-05T14:02:39+00:00
163,Taliyah,UTILITY,v2_timeseries_7_15,1,0,0,0.01,False,2026-06-05T14:02:39+00:00
91,Talon,JUNGLE,v2_timeseries_7_15,90,44,12,0.436893,False,2026-06-05T14:02:39+00:00
91,Talon,MIDDLE,v2_timeseries_7_15,114,57,15,0.553398,True,2026-06-05T14:02:39+00:00
91,Talon,TOP,v2_timeseries_7_15,2,1,0,0.009709,False,2026-06-05T14:02:39+00:00
44,Taric,TOP,v2_timeseries_7_15,1,1,0,0.04,False,2026-06-05T14:02:39+00:00
44,Taric,UTILITY,v2_timeseries_7_15,24,12,3,0.96,True,2026-06-05T14:02:39+00:00
17,Teemo,BOTTOM,v2_timeseries_7_15,3,1,1,0.052632,False,2026-06-05T14:02:39+00:00
17,Teemo,JUNGLE,v2_timeseries_7_15,7,3,1,0.122807,False,2026-06-05T14:02:39+00:00
17,Teemo,MIDDLE,v2_timeseries_7_15,1,0,1,0.017544,False,2026-06-05T14:02:39+00:00
17,Teemo,TOP,v2_timeseries_7_15,43,18,6,0.754386,True,2026-06-05T14:02:39+00:00
17,Teemo,UTILITY,v2_timeseries_7_15,3,2,0,0.052632,False,2026-06-05T14:02:39+00:00
412,Thresh,UTILITY,v2_timeseries_7_15,315,166,43,1.0,True,2026-06-05T14:02:39+00:00
18,Tristana,BOTTOM,v2_timeseries_7_15,81,47,5,0.861702,True,2026-06-05T14:02:39+00:00
18,Tristana,MIDDLE,v2_timeseries_7_15,12,8,1,0.12766,False,2026-06-05T14:02:39+00:00
18,Tristana,TOP,v2_timeseries_7_15,1,0,1,0.010638,False,2026-06-05T14:02:39+00:00
48,Trundle,JUNGLE,v2_timeseries_7_15,13,5,2,0.325,False,2026-06-05T14:02:39+00:00
48,Trundle,TOP,v2_timeseries_7_15,24,16,2,0.6,True,2026-06-05T14:02:39+00:00
48,Trundle,UTILITY,v2_timeseries_7_15,3,0,0,0.075,False,2026-06-05T14:02:39+00:00
23,Tryndamere,JUNGLE,v2_timeseries_7_15,1,1,0,0.013333,False,2026-06-05T14:02:39+00:00
23,Tryndamere,MIDDLE,v2_timeseries_7_15,10,7,1,0.133333,False,2026-06-05T14:02:39+00:00
23,Tryndamere,TOP,v2_timeseries_7_15,63,30,15,0.84,True,2026-06-05T14:02:39+00:00
23,Tryndamere,UTILITY,v2_timeseries_7_15,1,0,0,0.013333,False,2026-06-05T14:02:39+00:00
4,TwistedFate,BOTTOM,v2_timeseries_7_15,1,1,0,0.004098,False,2026-06-05T14:02:39+00:00
4,TwistedFate,JUNGLE,v2_timeseries_7_15,1,0,1,0.004098,False,2026-06-05T14:02:39+00:00
4,TwistedFate,MIDDLE,v2_timeseries_7_15,237,136,35,0.971311,True,2026-06-05T14:02:39+00:00
4,TwistedFate,TOP,v2_timeseries_7_15,4,3,1,0.016393,False,2026-06-05T14:02:39+00:00
4,TwistedFate,UTILITY,v2_timeseries_7_15,1,1,0,0.004098,False,2026-06-05T14:02:39+00:00
29,Twitch,BOTTOM,v2_timeseries_7_15,30,14,4,0.6,True,2026-06-05T14:02:39+00:00
29,Twitch,JUNGLE,v2_timeseries_7_15,2,1,0,0.04,False,2026-06-05T14:02:39+00:00
29,Twitch,UTILITY,v2_timeseries_7_15,18,4,6,0.36,False,2026-06-05T14:02:39+00:00
77,Udyr,JUNGLE,v2_timeseries_7_15,7,1,2,0.304348,False,2026-06-05T14:02:39+00:00
77,Udyr,MIDDLE,v2_timeseries_7_15,1,1,0,0.043478,False,2026-06-05T14:02:39+00:00
77,Udyr,TOP,v2_timeseries_7_15,15,6,4,0.652174,True,2026-06-05T14:02:39+00:00
6,Urgot,JUNGLE,v2_timeseries_7_15,2,1,1,0.060606,False,2026-06-05T14:02:39+00:00
6,Urgot,TOP,v2_timeseries_7_15,31,18,6,0.939394,True,2026-06-05T14:02:39+00:00
110,Varus,BOTTOM,v2_timeseries_7_15,162,71,36,0.695279,True,2026-06-05T14:02:39+00:00
110,Varus,MIDDLE,v2_timeseries_7_15,11,6,1,0.04721,False,2026-06-05T14:02:39+00:00
110,Varus,TOP,v2_timeseries_7_15,59,35,4,0.253219,False,2026-06-05T14:02:39+00:00
110,Varus,UTILITY,v2_timeseries_7_15,1,1,0,0.004292,False,2026-06-05T14:02:39+00:00
67,Vayne,BOTTOM,v2_timeseries_7_15,39,16,8,0.304688,False,2026-06-05T14:02:39+00:00
67,Vayne,JUNGLE,v2_timeseries_7_15,1,0,1,0.007812,False,2026-06-05T14:02:39+00:00
67,Vayne,MIDDLE,v2_timeseries_7_15,2,1,1,0.015625,False,2026-06-05T14:02:39+00:00
67,Vayne,TOP,v2_timeseries_7_15,83,37,16,0.648438,True,2026-06-05T14:02:39+00:00
67,Vayne,UTILITY,v2_timeseries_7_15,3,1,0,0.023438,False,2026-06-05T14:02:39+00:00
45,Veigar,BOTTOM,v2_timeseries_7_15,3,1,1,0.045455,False,2026-06-05T14:02:39+00:00
45,Veigar,MIDDLE,v2_timeseries_7_15,47,29,7,0.712121,True,2026-06-05T14:02:39+00:00
45,Veigar,TOP,v2_timeseries_7_15,1,0,0,0.015152,False,2026-06-05T14:02:39+00:00
45,Veigar,UTILITY,v2_timeseries_7_15,15,7,4,0.227273,False,2026-06-05T14:02:39+00:00
161,Velkoz,BOTTOM,v2_timeseries_7_15,1,1,0,0.011628,False,2026-06-05T14:02:39+00:00
161,Velkoz,MIDDLE,v2_timeseries_7_15,14,8,1,0.162791,False,2026-06-05T14:02:39+00:00
161,Velkoz,TOP,v2_timeseries_7_15,7,3,1,0.081395,False,2026-06-05T14:02:39+00:00
161,Velkoz,UTILITY,v2_timeseries_7_15,64,32,5,0.744186,True,2026-06-05T14:02:39+00:00
711,Vex,BOTTOM,v2_timeseries_7_15,1,1,0,0.012821,False,2026-06-05T14:02:39+00:00
711,Vex,MIDDLE,v2_timeseries_7_15,77,44,9,0.987179,True,2026-06-05T14:02:39+00:00
254,Vi,JUNGLE,v2_timeseries_7_15,277,137,47,0.985765,True,2026-06-05T14:02:39+00:00
254,Vi,MIDDLE,v2_timeseries_7_15,1,1,0,0.003559,False,2026-06-05T14:02:39+00:00
254,Vi,TOP,v2_timeseries_7_15,3,1,1,0.010676,False,2026-06-05T14:02:39+00:00
234,Viego,BOTTOM,v2_timeseries_7_15,1,0,1,0.003155,False,2026-06-05T14:02:39+00:00
234,Viego,JUNGLE,v2_timeseries_7_15,296,138,56,0.933754,True,2026-06-05T14:02:39+00:00
234,Viego,MIDDLE,v2_timeseries_7_15,13,9,1,0.041009,False,2026-06-05T14:02:39+00:00
234,Viego,TOP,v2_timeseries_7_15,6,1,1,0.018927,False,2026-06-05T14:02:39+00:00
234,Viego,UTILITY,v2_timeseries_7_15,1,1,0,0.003155,False,2026-06-05T14:02:39+00:00
112,Viktor,BOTTOM,v2_timeseries_7_15,1,1,0,0.004065,False,2026-06-05T14:02:39+00:00
112,Viktor,MIDDLE,v2_timeseries_7_15,236,114,51,0.95935,True,2026-06-05T14:02:39+00:00
112,Viktor,TOP,v2_timeseries_7_15,9,6,0,0.036585,False,2026-06-05T14:02:39+00:00
8,Vladimir,MIDDLE,v2_timeseries_7_15,54,26,5,0.504673,True,2026-06-05T14:02:39+00:00
8,Vladimir,TOP,v2_timeseries_7_15,53,25,13,0.495327,False,2026-06-05T14:02:39+00:00
106,Volibear,JUNGLE,v2_timeseries_7_15,27,13,7,0.234783,False,2026-06-05T14:02:39+00:00
106,Volibear,MIDDLE,v2_timeseries_7_15,2,2,0,0.017391,False,2026-06-05T14:02:39+00:00
106,Volibear,TOP,v2_timeseries_7_15,86,47,11,0.747826,True,2026-06-05T14:02:39+00:00
19,Warwick,JUNGLE,v2_timeseries_7_15,38,20,5,0.603175,True,2026-06-05T14:02:39+00:00
19,Warwick,TOP,v2_timeseries_7_15,25,12,4,0.396825,False,2026-06-05T14:02:39+00:00
498,Xayah,BOTTOM,v2_timeseries_7_15,127,72,16,1.0,True,2026-06-05T14:02:39+00:00
101,Xerath,BOTTOM,v2_timeseries_7_15,12,3,4,0.048193,False,2026-06-05T14:02:39+00:00
101,Xerath,MIDDLE,v2_timeseries_7_15,157,86,16,0.630522,True,2026-06-05T14:02:39+00:00
101,Xerath,TOP,v2_timeseries_7_15,1,1,0,0.004016,False,2026-06-05T14:02:39+00:00
101,Xerath,UTILITY,v2_timeseries_7_15,79,48,11,0.317269,False,2026-06-05T14:02:39+00:00
5,XinZhao,JUNGLE,v2_timeseries_7_15,300,157,51,0.874636,True,2026-06-05T14:02:39+00:00
5,XinZhao,MIDDLE,v2_timeseries_7_15,5,2,2,0.014577,False,2026-06-05T14:02:39+00:00
5,XinZhao,TOP,v2_timeseries_7_15,37,16,9,0.107872,False,2026-06-05T14:02:39+00:00
5,XinZhao,UTILITY,v2_timeseries_7_15,1,1,0,0.002915,False,2026-06-05T14:02:39+00:00
157,Yasuo,BOTTOM,v2_timeseries_7_15,7,5,1,0.026923,False,2026-06-05T14:02:39+00:00
157,Yasuo,MIDDLE,v2_timeseries_7_15,169,84,26,0.65,True,2026-06-05T14:02:39+00:00
157,Yasuo,TOP,v2_timeseries_7_15,82,44,14,0.315385,False,2026-06-05T14:02:39+00:00
157,Yasuo,UTILITY,v2_timeseries_7_15,2,1,0,0.007692,False,2026-06-05T14:02:39+00:00
777,Yone,BOTTOM,v2_timeseries_7_15,2,1,0,0.006211,False,2026-06-05T14:02:39+00:00
777,Yone,MIDDLE,v2_timeseries_7_15,143,66,33,0.444099,False,2026-06-05T14:02:39+00:00
777,Yone,TOP,v2_timeseries_7_15,177,82,24,0.549689,True,2026-06-05T14:02:39+00:00
83,Yorick,MIDDLE,v2_timeseries_7_15,3,1,0,0.032258,False,2026-06-05T14:02:39+00:00
83,Yorick,TOP,v2_timeseries_7_15,89,41,14,0.956989,True,2026-06-05T14:02:39+00:00
83,Yorick,UTILITY,v2_timeseries_7_15,1,1,0,0.010753,False,2026-06-05T14:02:39+00:00
804,Yunara,BOTTOM,v2_timeseries_7_15,271,139,43,0.996324,True,2026-06-05T14:02:39+00:00
804,Yunara,MIDDLE,v2_timeseries_7_15,1,1,0,0.003676,False,2026-06-05T14:02:39+00:00
350,Yuumi,UTILITY,v2_timeseries_7_15,182,85,29,1.0,True,2026-06-05T14:02:39+00:00
904,Zaahen,JUNGLE,v2_timeseries_7_15,66,44,10,0.358696,False,2026-06-05T14:02:39+00:00
904,Zaahen,MIDDLE,v2_timeseries_7_15,4,1,1,0.021739,False,2026-06-05T14:02:39+00:00
904,Zaahen,TOP,v2_timeseries_7_15,112,45,22,0.608696,True,2026-06-05T14:02:39+00:00
904,Zaahen,UTILITY,v2_timeseries_7_15,2,2,0,0.01087,False,2026-06-05T14:02:39+00:00
154,Zac,JUNGLE,v2_timeseries_7_15,99,56,15,0.651316,True,2026-06-05T14:02:39+00:00
154,Zac,MIDDLE,v2_timeseries_7_15,9,4,1,0.059211,False,2026-06-05T14:02:39+00:00
154,Zac,TOP,v2_timeseries_7_15,37,11,10,0.243421,False,2026-06-05T14:02:39+00:00
154,Zac,UTILITY,v2_timeseries_7_15,7,4,1,0.046053,False,2026-06-05T14:02:39+00:00
238,Zed,BOTTOM,v2_timeseries_7_15,2,0,0,0.007722,False,2026-06-05T14:02:39+00:00
238,Zed,JUNGLE,v2_timeseries_7_15,52,19,10,0.200772,False,2026-06-05T14:02:39+00:00
238,Zed,MIDDLE,v2_timeseries_7_15,182,79,39,0.702703,True,2026-06-05T14:02:39+00:00
238,Zed,TOP,v2_timeseries_7_15,22,12,3,0.084942,False,2026-06-05T14:02:39+00:00
238,Zed,UTILITY,v2_timeseries_7_15,1,1,0,0.003861,False,2026-06-05T14:02:39+00:00
221,Zeri,BOTTOM,v2_timeseries_7_15,63,34,12,0.940299,True,2026-06-05T14:02:39+00:00
221,Zeri,JUNGLE,v2_timeseries_7_15,2,1,0,0.029851,False,2026-06-05T14:02:39+00:00
221,Zeri,MIDDLE,v2_timeseries_7_15,2,2,0,0.029851,False,2026-06-05T14:02:39+00:00
115,Ziggs,BOTTOM,v2_timeseries_7_15,27,15,6,0.692308,True,2026-06-05T14:02:39+00:00
115,Ziggs,MIDDLE,v2_timeseries_7_15,8,5,0,0.205128,False,2026-06-05T14:02:39+00:00
115,Ziggs,TOP,v2_timeseries_7_15,1,1,0,0.025641,False,2026-06-05T14:02:39+00:00
115,Ziggs,UTILITY,v2_timeseries_7_15,3,1,0,0.076923,False,2026-06-05T14:02:39+00:00
26,Zilean,MIDDLE,v2_timeseries_7_15,5,2,1,0.083333,False,2026-06-05T14:02:39+00:00
26,Zilean,TOP,v2_timeseries_7_15,4,3,0,0.066667,False,2026-06-05T14:02:39+00:00
26,Zilean,UTILITY,v2_timeseries_7_15,51,31,5,0.85,True,2026-06-05T14:02:39+00:00
142,Zoe,BOTTOM,v2_timeseries_7_15,1,0,1,0.006897,False,2026-06-05T14:02:39+00:00
142,Zoe,MIDDLE,v2_timeseries_7_15,123,67,22,0.848276,True,2026-06-05T14:02:39+00:00
142,Zoe,TOP,v2_timeseries_7_15,2,2,0,0.013793,False,2026-06-05T14:02:39+00:00
142,Zoe,UTILITY,v2_timeseries_7_15,19,11,4,0.131034,False,2026-06-05T14:02:39+00:00
143,Zyra,JUNGLE,v2_timeseries_7_15,48,31,5,0.489796,True,2026-06-05T14:02:39+00:00
143,Zyra,MIDDLE,v2_timeseries_7_15,2,0,1,0.020408,False,2026-06-05T14:02:39+00:00
143,Zyra,UTILITY,v2_timeseries_7_15,48,22,12,0.489796,False,2026-06-05T14:02:39+00:00
